"nosodatax_rate","sf_actural_rate","sf_counterfactual_rate"
40.7150562547912,21,21
40.4000783237798,21.4,21.4
40.7591627086174,25.4,25.4
42.7293054673125,26.5,26.5
43.9709950709249,31.1,31.1
43.2404431290267,25.4,25.4
40.169876084421,21.6,21.6
40.7875706957228,24.5,24.9223176924852
42.1528100798366,25.4,25.4959954567863
42.3786625784045,24.7,24.6649623516028
42.4434739023153,21.7,24.6592249818243
42.7398751722583,23.2,24.8338619830502
43.1036996748936,23.1,25.2556509094035
