nosodatax_rate,sf_actural_rate,sf_counterfactual_rate
77.28251362,65.1,65.1
76.96625498,63.3,63.3
77.91422874,61.2,61.2
79.57993187,68.6,68.6
78.48163425,67.1,67.1
79.40209759,70.2,70.2
76.73576227,60.4,60.4
76.37896889,66.2,66.30063122
77.82972315,62.1,66.90538618
78.31950431,64,66.78838423
77.86566375,64.5,66.30166123
78.08061926,66.6,66.42726952
77.91382493,63,65.93146741
